<?xml version="1.0" encoding="UTF-8"?>
<!DOCTYPE configuration
        PUBLIC "-//mybatis.org//DTD Config 3.0//EN"
        "http://mybatis.org/dtd/mybatis-3-config.dtd">
<configuration>

    <!-- 配置加载属性文件 -->
    <properties resource="db.properties"/>

    <!-- 全局的设置信息-->
    <settings>
        <!-- 开启驼峰命名(方便自动映射) -->
        <setting name="mapUnderscoreToCamelCase" value="true"/>
    </settings>

    <!-- 配置类型别名 -->
    <typeAliases>
        <typeAlias type="cn.itcast.pojo.Account" alias="account"/>
    </typeAliases>

    <!-- 配置环境 -->
    <environments default="mysql">
        <environment id="mysql">
            <!-- 配置事务管理器 -->
            <transactionManager type="JDBC"/>
            <!-- 配置数据源 -->
            <dataSource type="POOLED">
                <property name="driver" value="${driver}"/>
                <property name="url" value="${url}"/>
                <property name="username" value="${username}"/>
                <property name="password" value="${password}"/>
            </dataSource>
        </environment>
    </environments>

    <mappers>
        <mapper resource="mappers/AccountMapper.xml"/>
    </mappers>
</configuration>